Titulo;Precio_Euros
Spirit Hotel Gran Bilbao, 43€
Latroupe La Granja, 30€
Hotel Conde Duque Bilbao, 57€
Occidental Bilbao, 62€
Basque Boutique, 65€
Ibis Bilbao Centro, 53€
Hotel Ilunion Bilbao, 50€
Spirit Apartamentos Atxuri Bilbao, 45€
Barcelo Bilbao Nervion, 79€
Micampus Bilbao, 51€
Voco Bilbao - City By Ihg, 49€
Axel Hotel Bilbao, 67€
Hotel Bilbi, 48€
Sercotel Coliseo, 67€
Hotel Carlton, 115€
Ibis Budget Bilbao City, 50€
Abba Euskalduna Hotel, 68€
Hotel Ilunion San Mamés, 52€
Hotel Bilbao Plaza, 61€
Mercure Bilbao Jardines De Albia, 90€
Residencia Universitaria Resa Blas de Otero, 52€
Meliá Bilbao, 109€
Sercotel Arenal Bilbao, 41€
NYX Hotel Bilbao by Leonardo Hotels, 61€
Sercotel Ayala, 69€
BYPILLOW Bilbo, 43€
Eurostars Indautxu, 64€
The Artist Grand Hotel of Art, 121€
Hotel Abando, 80€
Petit Palace Arana, 52€
Bilbao Hostel, 62€
NH Collection Villa de Bilbao, 79€
Apartamentos Olivia by gaiarooms, 60€
Hotel Photo Zabalburu, 43€
Optimi Rooms Bilbao, €
